Datetime,ID,Count,year,month,day,Hour,day_of_week,weekend
2012-08-25,11.5,3.1666666666666665,2012.0,8.0,25.0,11.5,5.0,1.0
2012-08-26,35.5,3.6666666666666665,2012.0,8.0,26.0,11.5,6.0,1.0
2012-08-27,59.5,2.5833333333333335,2012.0,8.0,27.0,11.5,0.0,0.0
2012-08-28,83.5,2.4166666666666665,2012.0,8.0,28.0,11.5,1.0,0.0
2012-08-29,107.5,2.5,2012.0,8.0,29.0,11.5,2.0,0.0
2012-08-30,131.5,3.0833333333333335,2012.0,8.0,30.0,11.5,3.0,0.0
2012-08-31,155.5,3.25,2012.0,8.0,31.0,11.5,4.0,0.0
2012-09-01,179.5,4.666666666666667,2012.0,9.0,1.0,11.5,5.0,1.0
2012-09-02,203.5,4.916666666666667,2012.0,9.0,2.0,11.5,6.0,1.0
2012-09-03,227.5,4.5,2012.0,9.0,3.0,11.5,0.0,0.0
2012-09-04,251.5,2.75,2012.0,9.0,4.0,11.5,1.0,0.0
2012-09-05,275.5,4.333333333333333,2012.0,9.0,5.0,11.5,2.0,0.0
2012-09-06,299.5,4.166666666666667,2012.0,9.0,6.0,11.5,3.0,0.0
2012-09-07,323.5,2.8333333333333335,2012.0,9.0,7.0,11.5,4.0,0.0
2012-09-08,347.5,4.166666666666667,2012.0,9.0,8.0,11.5,5.0,1.0
2012-09-09,371.5,2.8333333333333335,2012.0,9.0,9.0,11.5,6.0,1.0
2012-09-10,395.5,2.6666666666666665,2012.0,9.0,10.0,11.5,0.0,0.0
2012-09-11,419.5,2.4166666666666665,2012.0,9.0,11.0,11.5,1.0,0.0
2012-09-12,443.5,3.5,2012.0,9.0,12.0,11.5,2.0,0.0
2012-09-13,467.5,3.0,2012.0,9.0,13.0,11.5,3.0,0.0
2012-09-14,491.5,3.5,2012.0,9.0,14.0,11.5,4.0,0.0
2012-09-15,515.5,3.8333333333333335,2012.0,9.0,15.0,11.5,5.0,1.0
2012-09-16,539.5,2.9166666666666665,2012.0,9.0,16.0,11.5,6.0,1.0
2012-09-17,563.5,3.8333333333333335,2012.0,9.0,17.0,11.5,0.0,0.0
2012-09-18,587.5,7.833333333333333,2012.0,9.0,18.0,11.5,1.0,0.0
2012-09-19,611.5,6.583333333333333,2012.0,9.0,19.0,11.5,2.0,0.0
2012-09-20,635.5,3.5,2012.0,9.0,20.0,11.5,3.0,0.0
2012-09-21,659.5,3.75,2012.0,9.0,21.0,11.5,4.0,0.0
2012-09-22,683.5,3.25,2012.0,9.0,22.0,11.5,5.0,1.0
2012-09-23,707.5,4.25,2012.0,9.0,23.0,11.5,6.0,1.0
2012-09-24,731.5,6.75,2012.0,9.0,24.0,11.5,0.0,0.0
2012-09-25,755.5,6.666666666666667,2012.0,9.0,25.0,11.5,1.0,0.0
2012-09-26,779.5,4.916666666666667,2012.0,9.0,26.0,11.5,2.0,0.0
2012-09-27,803.5,4.333333333333333,2012.0,9.0,27.0,11.5,3.0,0.0
2012-09-28,827.5,3.25,2012.0,9.0,28.0,11.5,4.0,0.0
2012-09-29,851.5,2.5833333333333335,2012.0,9.0,29.0,11.5,5.0,1.0
2012-09-30,875.5,14.833333333333334,2012.0,9.0,30.0,11.5,6.0,1.0
2012-10-01,899.5,10.333333333333334,2012.0,10.0,1.0,11.5,0.0,0.0
2012-10-02,923.5,6.916666666666667,2012.0,10.0,2.0,11.5,1.0,0.0
2012-10-03,947.5,4.833333333333333,2012.0,10.0,3.0,11.5,2.0,0.0
2012-10-04,971.5,6.666666666666667,2012.0,10.0,4.0,11.5,3.0,0.0
2012-10-05,995.5,5.583333333333333,2012.0,10.0,5.0,11.5,4.0,0.0
2012-10-06,1019.5,4.916666666666667,2012.0,10.0,6.0,11.5,5.0,1.0
2012-10-07,1043.5,7.0,2012.0,10.0,7.0,11.5,6.0,1.0
2012-10-08,1067.5,17.25,2012.0,10.0,8.0,11.5,0.0,0.0
2012-10-09,1091.5,5.833333333333333,2012.0,10.0,9.0,11.5,1.0,0.0
2012-10-10,1115.5,14.25,2012.0,10.0,10.0,11.5,2.0,0.0
2012-10-11,1139.5,7.166666666666667,2012.0,10.0,11.0,11.5,3.0,0.0
2012-10-12,1163.5,7.416666666666667,2012.0,10.0,12.0,11.5,4.0,0.0
2012-10-13,1187.5,6.833333333333333,2012.0,10.0,13.0,11.5,5.0,1.0
2012-10-14,1211.5,13.75,2012.0,10.0,14.0,11.5,6.0,1.0
2012-10-15,1235.5,13.416666666666666,2012.0,10.0,15.0,11.5,0.0,0.0
2012-10-16,1259.5,14.416666666666666,2012.0,10.0,16.0,11.5,1.0,0.0
2012-10-17,1283.5,5.833333333333333,2012.0,10.0,17.0,11.5,2.0,0.0
2012-10-18,1307.5,12.166666666666666,2012.0,10.0,18.0,11.5,3.0,0.0
2012-10-19,1331.5,23.333333333333332,2012.0,10.0,19.0,11.5,4.0,0.0
2012-10-20,1355.5,17.333333333333332,2012.0,10.0,20.0,11.5,5.0,1.0
2012-10-21,1379.5,15.333333333333334,2012.0,10.0,21.0,11.5,6.0,1.0
2012-10-22,1403.5,15.916666666666666,2012.0,10.0,22.0,11.5,0.0,0.0
2012-10-23,1427.5,10.666666666666666,2012.0,10.0,23.0,11.5,1.0,0.0
2012-10-24,1451.5,9.583333333333334,2012.0,10.0,24.0,11.5,2.0,0.0
2012-10-25,1475.5,10.916666666666666,2012.0,10.0,25.0,11.5,3.0,0.0
2012-10-26,1499.5,9.666666666666666,2012.0,10.0,26.0,11.5,4.0,0.0
2012-10-27,1523.5,5.833333333333333,2012.0,10.0,27.0,11.5,5.0,1.0
2012-10-28,1547.5,10.666666666666666,2012.0,10.0,28.0,11.5,6.0,1.0
2012-10-29,1571.5,14.25,2012.0,10.0,29.0,11.5,0.0,0.0
2012-10-30,1595.5,14.916666666666666,2012.0,10.0,30.0,11.5,1.0,0.0
2012-10-31,1619.5,17.583333333333332,2012.0,10.0,31.0,11.5,2.0,0.0
2012-11-01,1643.5,12.666666666666666,2012.0,11.0,1.0,11.5,3.0,0.0
2012-11-02,1667.5,46.333333333333336,2012.0,11.0,2.0,11.5,4.0,0.0
2012-11-03,1691.5,24.333333333333332,2012.0,11.0,3.0,11.5,5.0,1.0
2012-11-04,1715.5,18.75,2012.0,11.0,4.0,11.5,6.0,1.0
2012-11-05,1739.5,28.25,2012.0,11.0,5.0,11.5,0.0,0.0
2012-11-06,1763.5,19.75,2012.0,11.0,6.0,11.5,1.0,0.0
2012-11-07,1787.5,13.916666666666666,2012.0,11.0,7.0,11.5,2.0,0.0
2012-11-08,1811.5,11.666666666666666,2012.0,11.0,8.0,11.5,3.0,0.0
2012-11-09,1835.5,14.5,2012.0,11.0,9.0,11.5,4.0,0.0
2012-11-10,1859.5,17.166666666666668,2012.0,11.0,10.0,11.5,5.0,1.0
2012-11-11,1883.5,31.583333333333332,2012.0,11.0,11.0,11.5,6.0,1.0
2012-11-12,1907.5,25.833333333333332,2012.0,11.0,12.0,11.5,0.0,0.0
2012-11-13,1931.5,15.25,2012.0,11.0,13.0,11.5,1.0,0.0
2012-11-14,1955.5,12.666666666666666,2012.0,11.0,14.0,11.5,2.0,0.0
2012-11-15,1979.5,14.833333333333334,2012.0,11.0,15.0,11.5,3.0,0.0
2012-11-16,2003.5,21.0,2012.0,11.0,16.0,11.5,4.0,0.0
2012-11-17,2027.5,11.666666666666666,2012.0,11.0,17.0,11.5,5.0,1.0
2012-11-18,2051.5,11.666666666666666,2012.0,11.0,18.0,11.5,6.0,1.0
2012-11-19,2075.5,13.166666666666666,2012.0,11.0,19.0,11.5,0.0,0.0
2012-11-20,2099.5,13.25,2012.0,11.0,20.0,11.5,1.0,0.0
2012-11-21,2123.5,15.583333333333334,2012.0,11.0,21.0,11.5,2.0,0.0
2012-11-22,2147.5,14.333333333333334,2012.0,11.0,22.0,11.5,3.0,0.0
2012-11-23,2171.5,10.666666666666666,2012.0,11.0,23.0,11.5,4.0,0.0
2012-11-24,2195.5,5.666666666666667,2012.0,11.0,24.0,11.5,5.0,1.0
2012-11-25,2219.5,7.166666666666667,2012.0,11.0,25.0,11.5,6.0,1.0
2012-11-26,2243.5,6.083333333333333,2012.0,11.0,26.0,11.5,0.0,0.0
2012-11-27,2267.5,14.916666666666666,2012.0,11.0,27.0,11.5,1.0,0.0
2012-11-28,2291.5,7.916666666666667,2012.0,11.0,28.0,11.5,2.0,0.0
2012-11-29,2315.5,6.916666666666667,2012.0,11.0,29.0,11.5,3.0,0.0
2012-11-30,2339.5,7.333333333333333,2012.0,11.0,30.0,11.5,4.0,0.0
2012-12-01,2363.5,8.75,2012.0,12.0,1.0,11.5,5.0,1.0
2012-12-02,2387.5,11.833333333333334,2012.0,12.0,2.0,11.5,6.0,1.0
2012-12-03,2411.5,16.75,2012.0,12.0,3.0,11.5,0.0,0.0
2012-12-04,2435.5,14.833333333333334,2012.0,12.0,4.0,11.5,1.0,0.0
2012-12-05,2459.5,10.166666666666666,2012.0,12.0,5.0,11.5,2.0,0.0
2012-12-06,2483.5,8.5,2012.0,12.0,6.0,11.5,3.0,0.0
2012-12-07,2507.5,20.333333333333332,2012.0,12.0,7.0,11.5,4.0,0.0
2012-12-08,2531.5,10.583333333333334,2012.0,12.0,8.0,11.5,5.0,1.0
2012-12-09,2555.5,8.75,2012.0,12.0,9.0,11.5,6.0,1.0
2012-12-10,2579.5,19.916666666666668,2012.0,12.0,10.0,11.5,0.0,0.0
2012-12-11,2603.5,24.833333333333332,2012.0,12.0,11.0,11.5,1.0,0.0
2012-12-12,2627.5,13.833333333333334,2012.0,12.0,12.0,11.5,2.0,0.0
2012-12-13,2651.5,16.5,2012.0,12.0,13.0,11.5,3.0,0.0
2012-12-14,2675.5,17.583333333333332,2012.0,12.0,14.0,11.5,4.0,0.0
2012-12-15,2699.5,9.916666666666666,2012.0,12.0,15.0,11.5,5.0,1.0
2012-12-16,2723.5,26.333333333333332,2012.0,12.0,16.0,11.5,6.0,1.0
2012-12-17,2747.5,21.916666666666668,2012.0,12.0,17.0,11.5,0.0,0.0
2012-12-18,2771.5,15.666666666666666,2012.0,12.0,18.0,11.5,1.0,0.0
2012-12-19,2795.5,14.583333333333334,2012.0,12.0,19.0,11.5,2.0,0.0
2012-12-20,2819.5,21.333333333333332,2012.0,12.0,20.0,11.5,3.0,0.0
2012-12-21,2843.5,20.583333333333332,2012.0,12.0,21.0,11.5,4.0,0.0
2012-12-22,2867.5,10.083333333333334,2012.0,12.0,22.0,11.5,5.0,1.0
2012-12-23,2891.5,17.416666666666668,2012.0,12.0,23.0,11.5,6.0,1.0
2012-12-24,2915.5,24.166666666666668,2012.0,12.0,24.0,11.5,0.0,0.0
2012-12-25,2939.5,15.666666666666666,2012.0,12.0,25.0,11.5,1.0,0.0
2012-12-26,2963.5,10.583333333333334,2012.0,12.0,26.0,11.5,2.0,0.0
2012-12-27,2987.5,12.083333333333334,2012.0,12.0,27.0,11.5,3.0,0.0
2012-12-28,3011.5,10.666666666666666,2012.0,12.0,28.0,11.5,4.0,0.0
2012-12-29,3035.5,12.666666666666666,2012.0,12.0,29.0,11.5,5.0,1.0
2012-12-30,3059.5,13.5,2012.0,12.0,30.0,11.5,6.0,1.0
2012-12-31,3083.5,25.75,2012.0,12.0,31.0,11.5,0.0,0.0
2013-01-01,3107.5,16.75,2013.0,1.0,1.0,11.5,1.0,0.0
2013-01-02,3131.5,12.166666666666666,2013.0,1.0,2.0,11.5,2.0,0.0
2013-01-03,3155.5,11.583333333333334,2013.0,1.0,3.0,11.5,3.0,0.0
2013-01-04,3179.5,23.5,2013.0,1.0,4.0,11.5,4.0,0.0
2013-01-05,3203.5,14.666666666666666,2013.0,1.0,5.0,11.5,5.0,1.0
2013-01-06,3227.5,7.416666666666667,2013.0,1.0,6.0,11.5,6.0,1.0
2013-01-07,3251.5,20.333333333333332,2013.0,1.0,7.0,11.5,0.0,0.0
2013-01-08,3275.5,15.083333333333334,2013.0,1.0,8.0,11.5,1.0,0.0
2013-01-09,3299.5,9.916666666666666,2013.0,1.0,9.0,11.5,2.0,0.0
2013-01-10,3323.5,9.166666666666666,2013.0,1.0,10.0,11.5,3.0,0.0
2013-01-11,3347.5,14.333333333333334,2013.0,1.0,11.0,11.5,4.0,0.0
2013-01-12,3371.5,9.25,2013.0,1.0,12.0,11.5,5.0,1.0
2013-01-13,3395.5,7.25,2013.0,1.0,13.0,11.5,6.0,1.0
2013-01-14,3419.5,10.916666666666666,2013.0,1.0,14.0,11.5,0.0,0.0
2013-01-15,3443.5,27.583333333333332,2013.0,1.0,15.0,11.5,1.0,0.0
2013-01-16,3467.5,26.083333333333332,2013.0,1.0,16.0,11.5,2.0,0.0
2013-01-17,3491.5,37.166666666666664,2013.0,1.0,17.0,11.5,3.0,0.0
2013-01-18,3515.5,30.916666666666668,2013.0,1.0,18.0,11.5,4.0,0.0
2013-01-19,3539.5,18.5,2013.0,1.0,19.0,11.5,5.0,1.0
2013-01-20,3563.5,17.083333333333332,2013.0,1.0,20.0,11.5,6.0,1.0
2013-01-21,3587.5,34.666666666666664,2013.0,1.0,21.0,11.5,0.0,0.0
2013-01-22,3611.5,29.916666666666668,2013.0,1.0,22.0,11.5,1.0,0.0
2013-01-23,3635.5,21.166666666666668,2013.0,1.0,23.0,11.5,2.0,0.0
2013-01-24,3659.5,21.0,2013.0,1.0,24.0,11.5,3.0,0.0
2013-01-25,3683.5,19.583333333333332,2013.0,1.0,25.0,11.5,4.0,0.0
2013-01-26,3707.5,13.083333333333334,2013.0,1.0,26.0,11.5,5.0,1.0
2013-01-27,3731.5,12.833333333333334,2013.0,1.0,27.0,11.5,6.0,1.0
2013-01-28,3755.5,18.416666666666668,2013.0,1.0,28.0,11.5,0.0,0.0
2013-01-29,3779.5,14.25,2013.0,1.0,29.0,11.5,1.0,0.0
2013-01-30,3803.5,21.166666666666668,2013.0,1.0,30.0,11.5,2.0,0.0
2013-01-31,3827.5,25.583333333333332,2013.0,1.0,31.0,11.5,3.0,0.0
2013-02-01,3851.5,19.333333333333332,2013.0,2.0,1.0,11.5,4.0,0.0
2013-02-02,3875.5,8.666666666666666,2013.0,2.0,2.0,11.5,5.0,1.0
2013-02-03,3899.5,8.666666666666666,2013.0,2.0,3.0,11.5,6.0,1.0
2013-02-04,3923.5,16.333333333333332,2013.0,2.0,4.0,11.5,0.0,0.0
2013-02-05,3947.5,17.75,2013.0,2.0,5.0,11.5,1.0,0.0
2013-02-06,3971.5,22.416666666666668,2013.0,2.0,6.0,11.5,2.0,0.0
2013-02-07,3995.5,15.833333333333334,2013.0,2.0,7.0,11.5,3.0,0.0
2013-02-08,4019.5,17.666666666666668,2013.0,2.0,8.0,11.5,4.0,0.0
2013-02-09,4043.5,18.25,2013.0,2.0,9.0,11.5,5.0,1.0
2013-02-10,4067.5,14.083333333333334,2013.0,2.0,10.0,11.5,6.0,1.0
2013-02-11,4091.5,23.416666666666668,2013.0,2.0,11.0,11.5,0.0,0.0
2013-02-12,4115.5,20.416666666666668,2013.0,2.0,12.0,11.5,1.0,0.0
2013-02-13,4139.5,17.333333333333332,2013.0,2.0,13.0,11.5,2.0,0.0
2013-02-14,4163.5,20.583333333333332,2013.0,2.0,14.0,11.5,3.0,0.0
2013-02-15,4187.5,28.666666666666668,2013.0,2.0,15.0,11.5,4.0,0.0
2013-02-16,4211.5,13.583333333333334,2013.0,2.0,16.0,11.5,5.0,1.0
2013-02-17,4235.5,10.5,2013.0,2.0,17.0,11.5,6.0,1.0
2013-02-18,4259.5,36.5,2013.0,2.0,18.0,11.5,0.0,0.0
2013-02-19,4283.5,27.916666666666668,2013.0,2.0,19.0,11.5,1.0,0.0
2013-02-20,4307.5,19.833333333333332,2013.0,2.0,20.0,11.5,2.0,0.0
2013-02-21,4331.5,17.5,2013.0,2.0,21.0,11.5,3.0,0.0
2013-02-22,4355.5,46.75,2013.0,2.0,22.0,11.5,4.0,0.0
2013-02-23,4379.5,40.416666666666664,2013.0,2.0,23.0,11.5,5.0,1.0
2013-02-24,4403.5,23.916666666666668,2013.0,2.0,24.0,11.5,6.0,1.0
2013-02-25,4427.5,35.666666666666664,2013.0,2.0,25.0,11.5,0.0,0.0
2013-02-26,4451.5,32.833333333333336,2013.0,2.0,26.0,11.5,1.0,0.0
2013-02-27,4475.5,27.166666666666668,2013.0,2.0,27.0,11.5,2.0,0.0
2013-02-28,4499.5,19.333333333333332,2013.0,2.0,28.0,11.5,3.0,0.0
2013-03-01,4523.5,31.166666666666668,2013.0,3.0,1.0,11.5,4.0,0.0
2013-03-02,4547.5,30.416666666666668,2013.0,3.0,2.0,11.5,5.0,1.0
2013-03-03,4571.5,15.5,2013.0,3.0,3.0,11.5,6.0,1.0
2013-03-04,4595.5,32.666666666666664,2013.0,3.0,4.0,11.5,0.0,0.0
2013-03-05,4619.5,31.75,2013.0,3.0,5.0,11.5,1.0,0.0
2013-03-06,4643.5,22.75,2013.0,3.0,6.0,11.5,2.0,0.0
2013-03-07,4667.5,24.25,2013.0,3.0,7.0,11.5,3.0,0.0
2013-03-08,4691.5,37.75,2013.0,3.0,8.0,11.5,4.0,0.0
2013-03-09,4715.5,16.666666666666668,2013.0,3.0,9.0,11.5,5.0,1.0
2013-03-10,4739.5,16.25,2013.0,3.0,10.0,11.5,6.0,1.0
2013-03-11,4763.5,21.916666666666668,2013.0,3.0,11.0,11.5,0.0,0.0
2013-03-12,4787.5,22.083333333333332,2013.0,3.0,12.0,11.5,1.0,0.0
2013-03-13,4811.5,21.25,2013.0,3.0,13.0,11.5,2.0,0.0
2013-03-14,4835.5,22.25,2013.0,3.0,14.0,11.5,3.0,0.0
2013-03-15,4859.5,22.333333333333332,2013.0,3.0,15.0,11.5,4.0,0.0
2013-03-16,4883.5,14.416666666666666,2013.0,3.0,16.0,11.5,5.0,1.0
2013-03-17,4907.5,15.0,2013.0,3.0,17.0,11.5,6.0,1.0
2013-03-18,4931.5,24.583333333333332,2013.0,3.0,18.0,11.5,0.0,0.0
2013-03-19,4955.5,15.583333333333334,2013.0,3.0,19.0,11.5,1.0,0.0
2013-03-20,4979.5,12.166666666666666,2013.0,3.0,20.0,11.5,2.0,0.0
2013-03-21,5003.5,30.083333333333332,2013.0,3.0,21.0,11.5,3.0,0.0
2013-03-22,5027.5,46.333333333333336,2013.0,3.0,22.0,11.5,4.0,0.0
2013-03-23,5051.5,19.0,2013.0,3.0,23.0,11.5,5.0,1.0
2013-03-24,5075.5,23.166666666666668,2013.0,3.0,24.0,11.5,6.0,1.0
2013-03-25,5099.5,31.666666666666668,2013.0,3.0,25.0,11.5,0.0,0.0
2013-03-26,5123.5,26.75,2013.0,3.0,26.0,11.5,1.0,0.0
2013-03-27,5147.5,15.916666666666666,2013.0,3.0,27.0,11.5,2.0,0.0
2013-03-28,5171.5,24.833333333333332,2013.0,3.0,28.0,11.5,3.0,0.0
2013-03-29,5195.5,29.75,2013.0,3.0,29.0,11.5,4.0,0.0
2013-03-30,5219.5,17.5,2013.0,3.0,30.0,11.5,5.0,1.0
2013-03-31,5243.5,15.5,2013.0,3.0,31.0,11.5,6.0,1.0
2013-04-01,5267.5,25.083333333333332,2013.0,4.0,1.0,11.5,0.0,0.0
2013-04-02,5291.5,40.333333333333336,2013.0,4.0,2.0,11.5,1.0,0.0
2013-04-03,5315.5,33.083333333333336,2013.0,4.0,3.0,11.5,2.0,0.0
2013-04-04,5339.5,35.583333333333336,2013.0,4.0,4.0,11.5,3.0,0.0
2013-04-05,5363.5,36.75,2013.0,4.0,5.0,11.5,4.0,0.0
2013-04-06,5387.5,19.666666666666668,2013.0,4.0,6.0,11.5,5.0,1.0
2013-04-07,5411.5,14.083333333333334,2013.0,4.0,7.0,11.5,6.0,1.0
2013-04-08,5435.5,37.416666666666664,2013.0,4.0,8.0,11.5,0.0,0.0
2013-04-09,5459.5,36.416666666666664,2013.0,4.0,9.0,11.5,1.0,0.0
2013-04-10,5483.5,27.833333333333332,2013.0,4.0,10.0,11.5,2.0,0.0
2013-04-11,5507.5,35.333333333333336,2013.0,4.0,11.0,11.5,3.0,0.0
2013-04-12,5531.5,35.5,2013.0,4.0,12.0,11.5,4.0,0.0
2013-04-13,5555.5,33.0,2013.0,4.0,13.0,11.5,5.0,1.0
2013-04-14,5579.5,24.25,2013.0,4.0,14.0,11.5,6.0,1.0
2013-04-15,5603.5,33.0,2013.0,4.0,15.0,11.5,0.0,0.0
2013-04-16,5627.5,45.5,2013.0,4.0,16.0,11.5,1.0,0.0
2013-04-17,5651.5,41.083333333333336,2013.0,4.0,17.0,11.5,2.0,0.0
2013-04-18,5675.5,40.0,2013.0,4.0,18.0,11.5,3.0,0.0
2013-04-19,5699.5,37.0,2013.0,4.0,19.0,11.5,4.0,0.0
2013-04-20,5723.5,26.583333333333332,2013.0,4.0,20.0,11.5,5.0,1.0
2013-04-21,5747.5,23.083333333333332,2013.0,4.0,21.0,11.5,6.0,1.0
2013-04-22,5771.5,53.833333333333336,2013.0,4.0,22.0,11.5,0.0,0.0
2013-04-23,5795.5,55.166666666666664,2013.0,4.0,23.0,11.5,1.0,0.0
2013-04-24,5819.5,45.583333333333336,2013.0,4.0,24.0,11.5,2.0,0.0
2013-04-25,5843.5,40.916666666666664,2013.0,4.0,25.0,11.5,3.0,0.0
2013-04-26,5867.5,37.333333333333336,2013.0,4.0,26.0,11.5,4.0,0.0
2013-04-27,5891.5,20.583333333333332,2013.0,4.0,27.0,11.5,5.0,1.0
2013-04-28,5915.5,19.333333333333332,2013.0,4.0,28.0,11.5,6.0,1.0
2013-04-29,5939.5,33.333333333333336,2013.0,4.0,29.0,11.5,0.0,0.0
2013-04-30,5963.5,45.5,2013.0,4.0,30.0,11.5,1.0,0.0
2013-05-01,5987.5,39.5,2013.0,5.0,1.0,11.5,2.0,0.0
2013-05-02,6011.5,81.25,2013.0,5.0,2.0,11.5,3.0,0.0
2013-05-03,6035.5,45.333333333333336,2013.0,5.0,3.0,11.5,4.0,0.0
2013-05-04,6059.5,26.666666666666668,2013.0,5.0,4.0,11.5,5.0,1.0
2013-05-05,6083.5,23.416666666666668,2013.0,5.0,5.0,11.5,6.0,1.0
2013-05-06,6107.5,42.666666666666664,2013.0,5.0,6.0,11.5,0.0,0.0
2013-05-07,6131.5,38.75,2013.0,5.0,7.0,11.5,1.0,0.0
2013-05-08,6155.5,39.0,2013.0,5.0,8.0,11.5,2.0,0.0
2013-05-09,6179.5,36.916666666666664,2013.0,5.0,9.0,11.5,3.0,0.0
2013-05-10,6203.5,35.833333333333336,2013.0,5.0,10.0,11.5,4.0,0.0
2013-05-11,6227.5,27.416666666666668,2013.0,5.0,11.0,11.5,5.0,1.0
2013-05-12,6251.5,20.166666666666668,2013.0,5.0,12.0,11.5,6.0,1.0
2013-05-13,6275.5,43.083333333333336,2013.0,5.0,13.0,11.5,0.0,0.0
2013-05-14,6299.5,40.083333333333336,2013.0,5.0,14.0,11.5,1.0,0.0
2013-05-15,6323.5,38.833333333333336,2013.0,5.0,15.0,11.5,2.0,0.0
2013-05-16,6347.5,39.0,2013.0,5.0,16.0,11.5,3.0,0.0
2013-05-17,6371.5,40.25,2013.0,5.0,17.0,11.5,4.0,0.0
2013-05-18,6395.5,29.5,2013.0,5.0,18.0,11.5,5.0,1.0
2013-05-19,6419.5,26.333333333333332,2013.0,5.0,19.0,11.5,6.0,1.0
2013-05-20,6443.5,60.916666666666664,2013.0,5.0,20.0,11.5,0.0,0.0
2013-05-21,6467.5,54.416666666666664,2013.0,5.0,21.0,11.5,1.0,0.0
2013-05-22,6491.5,41.0,2013.0,5.0,22.0,11.5,2.0,0.0
2013-05-23,6515.5,54.833333333333336,2013.0,5.0,23.0,11.5,3.0,0.0
2013-05-24,6539.5,63.833333333333336,2013.0,5.0,24.0,11.5,4.0,0.0
2013-05-25,6563.5,44.666666666666664,2013.0,5.0,25.0,11.5,5.0,1.0
2013-05-26,6587.5,28.25,2013.0,5.0,26.0,11.5,6.0,1.0
2013-05-27,6611.5,65.33333333333333,2013.0,5.0,27.0,11.5,0.0,0.0
2013-05-28,6635.5,59.166666666666664,2013.0,5.0,28.0,11.5,1.0,0.0
2013-05-29,6659.5,60.166666666666664,2013.0,5.0,29.0,11.5,2.0,0.0
2013-05-30,6683.5,106.16666666666667,2013.0,5.0,30.0,11.5,3.0,0.0
2013-05-31,6707.5,61.25,2013.0,5.0,31.0,11.5,4.0,0.0
2013-06-01,6731.5,32.25,2013.0,6.0,1.0,11.5,5.0,1.0
2013-06-02,6755.5,25.416666666666668,2013.0,6.0,2.0,11.5,6.0,1.0
2013-06-03,6779.5,57.333333333333336,2013.0,6.0,3.0,11.5,0.0,0.0
2013-06-04,6803.5,58.916666666666664,2013.0,6.0,4.0,11.5,1.0,0.0
2013-06-05,6827.5,59.0,2013.0,6.0,5.0,11.5,2.0,0.0
2013-06-06,6851.5,78.33333333333333,2013.0,6.0,6.0,11.5,3.0,0.0
2013-06-07,6875.5,64.5,2013.0,6.0,7.0,11.5,4.0,0.0
2013-06-08,6899.5,35.666666666666664,2013.0,6.0,8.0,11.5,5.0,1.0
2013-06-09,6923.5,32.916666666666664,2013.0,6.0,9.0,11.5,6.0,1.0
2013-06-10,6947.5,49.666666666666664,2013.0,6.0,10.0,11.5,0.0,0.0
2013-06-11,6971.5,62.833333333333336,2013.0,6.0,11.0,11.5,1.0,0.0
2013-06-12,6995.5,75.91666666666667,2013.0,6.0,12.0,11.5,2.0,0.0
2013-06-13,7019.5,53.333333333333336,2013.0,6.0,13.0,11.5,3.0,0.0
2013-06-14,7043.5,50.25,2013.0,6.0,14.0,11.5,4.0,0.0
2013-06-15,7067.5,33.583333333333336,2013.0,6.0,15.0,11.5,5.0,1.0
2013-06-16,7091.5,27.25,2013.0,6.0,16.0,11.5,6.0,1.0
2013-06-17,7115.5,55.333333333333336,2013.0,6.0,17.0,11.5,0.0,0.0
2013-06-18,7139.5,61.75,2013.0,6.0,18.0,11.5,1.0,0.0
2013-06-19,7163.5,59.0,2013.0,6.0,19.0,11.5,2.0,0.0
2013-06-20,7187.5,60.333333333333336,2013.0,6.0,20.0,11.5,3.0,0.0
2013-06-21,7211.5,76.25,2013.0,6.0,21.0,11.5,4.0,0.0
2013-06-22,7235.5,70.91666666666667,2013.0,6.0,22.0,11.5,5.0,1.0
2013-06-23,7259.5,44.583333333333336,2013.0,6.0,23.0,11.5,6.0,1.0
2013-06-24,7283.5,66.58333333333333,2013.0,6.0,24.0,11.5,0.0,0.0
2013-06-25,7307.5,81.41666666666667,2013.0,6.0,25.0,11.5,1.0,0.0
2013-06-26,7331.5,69.08333333333333,2013.0,6.0,26.0,11.5,2.0,0.0
2013-06-27,7355.5,67.33333333333333,2013.0,6.0,27.0,11.5,3.0,0.0
2013-06-28,7379.5,103.5,2013.0,6.0,28.0,11.5,4.0,0.0
2013-06-29,7403.5,63.833333333333336,2013.0,6.0,29.0,11.5,5.0,1.0
2013-06-30,7427.5,42.916666666666664,2013.0,6.0,30.0,11.5,6.0,1.0
2013-07-01,7451.5,86.83333333333333,2013.0,7.0,1.0,11.5,0.0,0.0
2013-07-02,7475.5,101.83333333333333,2013.0,7.0,2.0,11.5,1.0,0.0
2013-07-03,7499.5,85.25,2013.0,7.0,3.0,11.5,2.0,0.0
2013-07-04,7523.5,75.5,2013.0,7.0,4.0,11.5,3.0,0.0
2013-07-05,7547.5,78.33333333333333,2013.0,7.0,5.0,11.5,4.0,0.0
2013-07-06,7571.5,42.833333333333336,2013.0,7.0,6.0,11.5,5.0,1.0
2013-07-07,7595.5,39.333333333333336,2013.0,7.0,7.0,11.5,6.0,1.0
2013-07-08,7619.5,87.91666666666667,2013.0,7.0,8.0,11.5,0.0,0.0
2013-07-09,7643.5,79.16666666666667,2013.0,7.0,9.0,11.5,1.0,0.0
2013-07-10,7667.5,82.25,2013.0,7.0,10.0,11.5,2.0,0.0
2013-07-11,7691.5,78.5,2013.0,7.0,11.0,11.5,3.0,0.0
2013-07-12,7715.5,53.833333333333336,2013.0,7.0,12.0,11.5,4.0,0.0
2013-07-13,7739.5,37.5,2013.0,7.0,13.0,11.5,5.0,1.0
2013-07-14,7763.5,37.833333333333336,2013.0,7.0,14.0,11.5,6.0,1.0
2013-07-15,7787.5,86.83333333333333,2013.0,7.0,15.0,11.5,0.0,0.0
2013-07-16,7811.5,95.58333333333333,2013.0,7.0,16.0,11.5,1.0,0.0
2013-07-17,7835.5,85.58333333333333,2013.0,7.0,17.0,11.5,2.0,0.0
2013-07-18,7859.5,70.5,2013.0,7.0,18.0,11.5,3.0,0.0
2013-07-19,7883.5,77.91666666666667,2013.0,7.0,19.0,11.5,4.0,0.0
2013-07-20,7907.5,50.333333333333336,2013.0,7.0,20.0,11.5,5.0,1.0
2013-07-21,7931.5,86.0,2013.0,7.0,21.0,11.5,6.0,1.0
2013-07-22,7955.5,124.25,2013.0,7.0,22.0,11.5,0.0,0.0
2013-07-23,7979.5,107.0,2013.0,7.0,23.0,11.5,1.0,0.0
2013-07-24,8003.5,83.08333333333333,2013.0,7.0,24.0,11.5,2.0,0.0
2013-07-25,8027.5,68.33333333333333,2013.0,7.0,25.0,11.5,3.0,0.0
2013-07-26,8051.5,78.83333333333333,2013.0,7.0,26.0,11.5,4.0,0.0
2013-07-27,8075.5,41.166666666666664,2013.0,7.0,27.0,11.5,5.0,1.0
2013-07-28,8099.5,41.416666666666664,2013.0,7.0,28.0,11.5,6.0,1.0
2013-07-29,8123.5,84.33333333333333,2013.0,7.0,29.0,11.5,0.0,0.0
2013-07-30,8147.5,80.41666666666667,2013.0,7.0,30.0,11.5,1.0,0.0
2013-07-31,8171.5,89.91666666666667,2013.0,7.0,31.0,11.5,2.0,0.0
2013-08-01,8195.5,103.83333333333333,2013.0,8.0,1.0,11.5,3.0,0.0
2013-08-02,8219.5,74.58333333333333,2013.0,8.0,2.0,11.5,4.0,0.0
2013-08-03,8243.5,54.166666666666664,2013.0,8.0,3.0,11.5,5.0,1.0
2013-08-04,8267.5,38.833333333333336,2013.0,8.0,4.0,11.5,6.0,1.0
2013-08-05,8291.5,131.91666666666666,2013.0,8.0,5.0,11.5,0.0,0.0
2013-08-06,8315.5,120.83333333333333,2013.0,8.0,6.0,11.5,1.0,0.0
2013-08-07,8339.5,95.75,2013.0,8.0,7.0,11.5,2.0,0.0
2013-08-08,8363.5,126.5,2013.0,8.0,8.0,11.5,3.0,0.0
2013-08-09,8387.5,78.91666666666667,2013.0,8.0,9.0,11.5,4.0,0.0
2013-08-10,8411.5,56.75,2013.0,8.0,10.0,11.5,5.0,1.0
2013-08-11,8435.5,43.333333333333336,2013.0,8.0,11.0,11.5,6.0,1.0
2013-08-12,8459.5,96.0,2013.0,8.0,12.0,11.5,0.0,0.0
2013-08-13,8483.5,99.25,2013.0,8.0,13.0,11.5,1.0,0.0
2013-08-14,8507.5,99.0,2013.0,8.0,14.0,11.5,2.0,0.0
2013-08-15,8531.5,172.16666666666666,2013.0,8.0,15.0,11.5,3.0,0.0
2013-08-16,8555.5,178.75,2013.0,8.0,16.0,11.5,4.0,0.0
2013-08-17,8579.5,69.83333333333333,2013.0,8.0,17.0,11.5,5.0,1.0
2013-08-18,8603.5,53.333333333333336,2013.0,8.0,18.0,11.5,6.0,1.0
2013-08-19,8627.5,127.91666666666667,2013.0,8.0,19.0,11.5,0.0,0.0
2013-08-20,8651.5,147.16666666666666,2013.0,8.0,20.0,11.5,1.0,0.0
2013-08-21,8675.5,133.33333333333334,2013.0,8.0,21.0,11.5,2.0,0.0
2013-08-22,8699.5,125.25,2013.0,8.0,22.0,11.5,3.0,0.0
2013-08-23,8723.5,102.0,2013.0,8.0,23.0,11.5,4.0,0.0
2013-08-24,8747.5,58.916666666666664,2013.0,8.0,24.0,11.5,5.0,1.0
2013-08-25,8771.5,48.166666666666664,2013.0,8.0,25.0,11.5,6.0,1.0
2013-08-26,8795.5,108.25,2013.0,8.0,26.0,11.5,0.0,0.0
2013-08-27,8819.5,105.0,2013.0,8.0,27.0,11.5,1.0,0.0
2013-08-28,8843.5,100.25,2013.0,8.0,28.0,11.5,2.0,0.0
2013-08-29,8867.5,170.0,2013.0,8.0,29.0,11.5,3.0,0.0
2013-08-30,8891.5,120.41666666666667,2013.0,8.0,30.0,11.5,4.0,0.0
2013-08-31,8915.5,63.833333333333336,2013.0,8.0,31.0,11.5,5.0,1.0
2013-09-01,8939.5,54.583333333333336,2013.0,9.0,1.0,11.5,6.0,1.0
2013-09-02,8963.5,100.33333333333333,2013.0,9.0,2.0,11.5,0.0,0.0
2013-09-03,8987.5,130.66666666666666,2013.0,9.0,3.0,11.5,1.0,0.0
2013-09-04,9011.5,160.58333333333334,2013.0,9.0,4.0,11.5,2.0,0.0
2013-09-05,9035.5,248.33333333333334,2013.0,9.0,5.0,11.5,3.0,0.0
2013-09-06,9059.5,116.91666666666667,2013.0,9.0,6.0,11.5,4.0,0.0
2013-09-07,9083.5,66.33333333333333,2013.0,9.0,7.0,11.5,5.0,1.0
2013-09-08,9107.5,58.25,2013.0,9.0,8.0,11.5,6.0,1.0
2013-09-09,9131.5,146.25,2013.0,9.0,9.0,11.5,0.0,0.0
2013-09-10,9155.5,115.33333333333333,2013.0,9.0,10.0,11.5,1.0,0.0
2013-09-11,9179.5,113.33333333333333,2013.0,9.0,11.0,11.5,2.0,0.0
2013-09-12,9203.5,118.5,2013.0,9.0,12.0,11.5,3.0,0.0
2013-09-13,9227.5,142.75,2013.0,9.0,13.0,11.5,4.0,0.0
2013-09-14,9251.5,81.0,2013.0,9.0,14.0,11.5,5.0,1.0
2013-09-15,9275.5,91.25,2013.0,9.0,15.0,11.5,6.0,1.0
2013-09-16,9299.5,129.91666666666666,2013.0,9.0,16.0,11.5,0.0,0.0
2013-09-17,9323.5,185.5,2013.0,9.0,17.0,11.5,1.0,0.0
2013-09-18,9347.5,151.83333333333334,2013.0,9.0,18.0,11.5,2.0,0.0
2013-09-19,9371.5,139.25,2013.0,9.0,19.0,11.5,3.0,0.0
2013-09-20,9395.5,130.08333333333334,2013.0,9.0,20.0,11.5,4.0,0.0
2013-09-21,9419.5,72.91666666666667,2013.0,9.0,21.0,11.5,5.0,1.0
2013-09-22,9443.5,67.08333333333333,2013.0,9.0,22.0,11.5,6.0,1.0
2013-09-23,9467.5,116.08333333333333,2013.0,9.0,23.0,11.5,0.0,0.0
2013-09-24,9491.5,150.25,2013.0,9.0,24.0,11.5,1.0,0.0
2013-09-25,9515.5,149.66666666666666,2013.0,9.0,25.0,11.5,2.0,0.0
2013-09-26,9539.5,144.33333333333334,2013.0,9.0,26.0,11.5,3.0,0.0
2013-09-27,9563.5,142.5,2013.0,9.0,27.0,11.5,4.0,0.0
2013-09-28,9587.5,101.33333333333333,2013.0,9.0,28.0,11.5,5.0,1.0
2013-09-29,9611.5,73.33333333333333,2013.0,9.0,29.0,11.5,6.0,1.0
2013-09-30,9635.5,123.83333333333333,2013.0,9.0,30.0,11.5,0.0,0.0
2013-10-01,9659.5,196.08333333333334,2013.0,10.0,1.0,11.5,1.0,0.0
2013-10-02,9683.5,146.33333333333334,2013.0,10.0,2.0,11.5,2.0,0.0
2013-10-03,9707.5,129.91666666666666,2013.0,10.0,3.0,11.5,3.0,0.0
2013-10-04,9731.5,104.75,2013.0,10.0,4.0,11.5,4.0,0.0
2013-10-05,9755.5,65.25,2013.0,10.0,5.0,11.5,5.0,1.0
2013-10-06,9779.5,51.75,2013.0,10.0,6.0,11.5,6.0,1.0
2013-10-07,9803.5,142.16666666666666,2013.0,10.0,7.0,11.5,0.0,0.0
2013-10-08,9827.5,191.58333333333334,2013.0,10.0,8.0,11.5,1.0,0.0
2013-10-09,9851.5,174.66666666666666,2013.0,10.0,9.0,11.5,2.0,0.0
2013-10-10,9875.5,173.0,2013.0,10.0,10.0,11.5,3.0,0.0
2013-10-11,9899.5,189.58333333333334,2013.0,10.0,11.0,11.5,4.0,0.0
2013-10-12,9923.5,97.08333333333333,2013.0,10.0,12.0,11.5,5.0,1.0
2013-10-13,9947.5,112.41666666666667,2013.0,10.0,13.0,11.5,6.0,1.0
2013-10-14,9971.5,159.66666666666666,2013.0,10.0,14.0,11.5,0.0,0.0
2013-10-15,9995.5,178.58333333333334,2013.0,10.0,15.0,11.5,1.0,0.0
2013-10-16,10019.5,177.25,2013.0,10.0,16.0,11.5,2.0,0.0
2013-10-17,10043.5,184.66666666666666,2013.0,10.0,17.0,11.5,3.0,0.0
2013-10-18,10067.5,156.83333333333334,2013.0,10.0,18.0,11.5,4.0,0.0
2013-10-19,10091.5,84.75,2013.0,10.0,19.0,11.5,5.0,1.0
2013-10-20,10115.5,71.0,2013.0,10.0,20.0,11.5,6.0,1.0
2013-10-21,10139.5,156.58333333333334,2013.0,10.0,21.0,11.5,0.0,0.0
2013-10-22,10163.5,176.16666666666666,2013.0,10.0,22.0,11.5,1.0,0.0
2013-10-23,10187.5,166.16666666666666,2013.0,10.0,23.0,11.5,2.0,0.0
2013-10-24,10211.5,146.0,2013.0,10.0,24.0,11.5,3.0,0.0
2013-10-25,10235.5,121.75,2013.0,10.0,25.0,11.5,4.0,0.0
2013-10-26,10259.5,82.66666666666667,2013.0,10.0,26.0,11.5,5.0,1.0
2013-10-27,10283.5,86.75,2013.0,10.0,27.0,11.5,6.0,1.0
2013-10-28,10307.5,147.33333333333334,2013.0,10.0,28.0,11.5,0.0,0.0
2013-10-29,10331.5,167.91666666666666,2013.0,10.0,29.0,11.5,1.0,0.0
2013-10-30,10355.5,157.25,2013.0,10.0,30.0,11.5,2.0,0.0
2013-10-31,10379.5,142.0,2013.0,10.0,31.0,11.5,3.0,0.0
2013-11-01,10403.5,161.58333333333334,2013.0,11.0,1.0,11.5,4.0,0.0
2013-11-02,10427.5,103.08333333333333,2013.0,11.0,2.0,11.5,5.0,1.0
2013-11-03,10451.5,76.83333333333333,2013.0,11.0,3.0,11.5,6.0,1.0
2013-11-04,10475.5,156.41666666666666,2013.0,11.0,4.0,11.5,0.0,0.0
2013-11-05,10499.5,169.75,2013.0,11.0,5.0,11.5,1.0,0.0
2013-11-06,10523.5,170.75,2013.0,11.0,6.0,11.5,2.0,0.0
2013-11-07,10547.5,193.91666666666666,2013.0,11.0,7.0,11.5,3.0,0.0
2013-11-08,10571.5,120.75,2013.0,11.0,8.0,11.5,4.0,0.0
2013-11-09,10595.5,86.0,2013.0,11.0,9.0,11.5,5.0,1.0
2013-11-10,10619.5,93.5,2013.0,11.0,10.0,11.5,6.0,1.0
2013-11-11,10643.5,182.66666666666666,2013.0,11.0,11.0,11.5,0.0,0.0
2013-11-12,10667.5,135.91666666666666,2013.0,11.0,12.0,11.5,1.0,0.0
2013-11-13,10691.5,178.08333333333334,2013.0,11.0,13.0,11.5,2.0,0.0
2013-11-14,10715.5,165.91666666666666,2013.0,11.0,14.0,11.5,3.0,0.0
2013-11-15,10739.5,120.83333333333333,2013.0,11.0,15.0,11.5,4.0,0.0
2013-11-16,10763.5,80.33333333333333,2013.0,11.0,16.0,11.5,5.0,1.0
2013-11-17,10787.5,78.75,2013.0,11.0,17.0,11.5,6.0,1.0
2013-11-18,10811.5,155.41666666666666,2013.0,11.0,18.0,11.5,0.0,0.0
2013-11-19,10835.5,158.41666666666666,2013.0,11.0,19.0,11.5,1.0,0.0
2013-11-20,10859.5,149.16666666666666,2013.0,11.0,20.0,11.5,2.0,0.0
2013-11-21,10883.5,185.91666666666666,2013.0,11.0,21.0,11.5,3.0,0.0
2013-11-22,10907.5,129.66666666666666,2013.0,11.0,22.0,11.5,4.0,0.0
2013-11-23,10931.5,79.0,2013.0,11.0,23.0,11.5,5.0,1.0
2013-11-24,10955.5,127.75,2013.0,11.0,24.0,11.5,6.0,1.0
2013-11-25,10979.5,136.5,2013.0,11.0,25.0,11.5,0.0,0.0
2013-11-26,11003.5,198.66666666666666,2013.0,11.0,26.0,11.5,1.0,0.0
2013-11-27,11027.5,180.16666666666666,2013.0,11.0,27.0,11.5,2.0,0.0
2013-11-28,11051.5,184.41666666666666,2013.0,11.0,28.0,11.5,3.0,0.0
2013-11-29,11075.5,156.91666666666666,2013.0,11.0,29.0,11.5,4.0,0.0
2013-11-30,11099.5,112.91666666666667,2013.0,11.0,30.0,11.5,5.0,1.0
2013-12-01,11123.5,87.16666666666667,2013.0,12.0,1.0,11.5,6.0,1.0
2013-12-02,11147.5,168.41666666666666,2013.0,12.0,2.0,11.5,0.0,0.0
2013-12-03,11171.5,257.75,2013.0,12.0,3.0,11.5,1.0,0.0
2013-12-04,11195.5,211.58333333333334,2013.0,12.0,4.0,11.5,2.0,0.0
2013-12-05,11219.5,206.16666666666666,2013.0,12.0,5.0,11.5,3.0,0.0
2013-12-06,11243.5,189.91666666666666,2013.0,12.0,6.0,11.5,4.0,0.0
2013-12-07,11267.5,97.66666666666667,2013.0,12.0,7.0,11.5,5.0,1.0
2013-12-08,11291.5,100.58333333333333,2013.0,12.0,8.0,11.5,6.0,1.0
2013-12-09,11315.5,183.08333333333334,2013.0,12.0,9.0,11.5,0.0,0.0
2013-12-10,11339.5,160.41666666666666,2013.0,12.0,10.0,11.5,1.0,0.0
2013-12-11,11363.5,200.33333333333334,2013.0,12.0,11.0,11.5,2.0,0.0
2013-12-12,11387.5,198.83333333333334,2013.0,12.0,12.0,11.5,3.0,0.0
2013-12-13,11411.5,151.0,2013.0,12.0,13.0,11.5,4.0,0.0
2013-12-14,11435.5,90.25,2013.0,12.0,14.0,11.5,5.0,1.0
2013-12-15,11459.5,113.41666666666667,2013.0,12.0,15.0,11.5,6.0,1.0
2013-12-16,11483.5,218.83333333333334,2013.0,12.0,16.0,11.5,0.0,0.0
2013-12-17,11507.5,187.83333333333334,2013.0,12.0,17.0,11.5,1.0,0.0
2013-12-18,11531.5,196.16666666666666,2013.0,12.0,18.0,11.5,2.0,0.0
2013-12-19,11555.5,181.0,2013.0,12.0,19.0,11.5,3.0,0.0
2013-12-20,11579.5,144.75,2013.0,12.0,20.0,11.5,4.0,0.0
2013-12-21,11603.5,82.83333333333333,2013.0,12.0,21.0,11.5,5.0,1.0
2013-12-22,11627.5,77.58333333333333,2013.0,12.0,22.0,11.5,6.0,1.0
2013-12-23,11651.5,151.75,2013.0,12.0,23.0,11.5,0.0,0.0
2013-12-24,11675.5,133.25,2013.0,12.0,24.0,11.5,1.0,0.0
2013-12-25,11699.5,153.16666666666666,2013.0,12.0,25.0,11.5,2.0,0.0
2013-12-26,11723.5,140.66666666666666,2013.0,12.0,26.0,11.5,3.0,0.0
2013-12-27,11747.5,161.16666666666666,2013.0,12.0,27.0,11.5,4.0,0.0
2013-12-28,11771.5,128.5,2013.0,12.0,28.0,11.5,5.0,1.0
2013-12-29,11795.5,97.08333333333333,2013.0,12.0,29.0,11.5,6.0,1.0
2013-12-30,11819.5,205.33333333333334,2013.0,12.0,30.0,11.5,0.0,0.0
2013-12-31,11843.5,202.5,2013.0,12.0,31.0,11.5,1.0,0.0
2014-01-01,11867.5,188.16666666666666,2014.0,1.0,1.0,11.5,2.0,0.0
2014-01-02,11891.5,178.0,2014.0,1.0,2.0,11.5,3.0,0.0
2014-01-03,11915.5,176.83333333333334,2014.0,1.0,3.0,11.5,4.0,0.0
2014-01-04,11939.5,117.83333333333333,2014.0,1.0,4.0,11.5,5.0,1.0
2014-01-05,11963.5,99.25,2014.0,1.0,5.0,11.5,6.0,1.0
2014-01-06,11987.5,219.33333333333334,2014.0,1.0,6.0,11.5,0.0,0.0
2014-01-07,12011.5,175.91666666666666,2014.0,1.0,7.0,11.5,1.0,0.0
2014-01-08,12035.5,177.41666666666666,2014.0,1.0,8.0,11.5,2.0,0.0
2014-01-09,12059.5,171.58333333333334,2014.0,1.0,9.0,11.5,3.0,0.0
2014-01-10,12083.5,171.75,2014.0,1.0,10.0,11.5,4.0,0.0
2014-01-11,12107.5,111.0,2014.0,1.0,11.0,11.5,5.0,1.0
2014-01-12,12131.5,96.08333333333333,2014.0,1.0,12.0,11.5,6.0,1.0
2014-01-13,12155.5,198.91666666666666,2014.0,1.0,13.0,11.5,0.0,0.0
2014-01-14,12179.5,172.25,2014.0,1.0,14.0,11.5,1.0,0.0
2014-01-15,12203.5,162.16666666666666,2014.0,1.0,15.0,11.5,2.0,0.0
2014-01-16,12227.5,118.91666666666667,2014.0,1.0,16.0,11.5,3.0,0.0
2014-01-17,12251.5,125.16666666666667,2014.0,1.0,17.0,11.5,4.0,0.0
2014-01-18,12275.5,90.16666666666667,2014.0,1.0,18.0,11.5,5.0,1.0
2014-01-19,12299.5,92.33333333333333,2014.0,1.0,19.0,11.5,6.0,1.0
2014-01-20,12323.5,237.83333333333334,2014.0,1.0,20.0,11.5,0.0,0.0
2014-01-21,12347.5,207.58333333333334,2014.0,1.0,21.0,11.5,1.0,0.0
2014-01-22,12371.5,200.08333333333334,2014.0,1.0,22.0,11.5,2.0,0.0
2014-01-23,12395.5,252.91666666666666,2014.0,1.0,23.0,11.5,3.0,0.0
2014-01-24,12419.5,178.58333333333334,2014.0,1.0,24.0,11.5,4.0,0.0
2014-01-25,12443.5,97.75,2014.0,1.0,25.0,11.5,5.0,1.0
2014-01-26,12467.5,123.5,2014.0,1.0,26.0,11.5,6.0,1.0
2014-01-27,12491.5,227.75,2014.0,1.0,27.0,11.5,0.0,0.0
2014-01-28,12515.5,215.08333333333334,2014.0,1.0,28.0,11.5,1.0,0.0
2014-01-29,12539.5,193.16666666666666,2014.0,1.0,29.0,11.5,2.0,0.0
2014-01-30,12563.5,179.75,2014.0,1.0,30.0,11.5,3.0,0.0
2014-01-31,12587.5,226.25,2014.0,1.0,31.0,11.5,4.0,0.0
2014-02-01,12611.5,134.5,2014.0,2.0,1.0,11.5,5.0,1.0
2014-02-02,12635.5,105.08333333333333,2014.0,2.0,2.0,11.5,6.0,1.0
2014-02-03,12659.5,191.16666666666666,2014.0,2.0,3.0,11.5,0.0,0.0
2014-02-04,12683.5,267.75,2014.0,2.0,4.0,11.5,1.0,0.0
2014-02-05,12707.5,254.5,2014.0,2.0,5.0,11.5,2.0,0.0
2014-02-06,12731.5,216.91666666666666,2014.0,2.0,6.0,11.5,3.0,0.0
2014-02-07,12755.5,205.75,2014.0,2.0,7.0,11.5,4.0,0.0
2014-02-08,12779.5,159.5,2014.0,2.0,8.0,11.5,5.0,1.0
2014-02-09,12803.5,179.58333333333334,2014.0,2.0,9.0,11.5,6.0,1.0
2014-02-10,12827.5,299.8333333333333,2014.0,2.0,10.0,11.5,0.0,0.0
2014-02-11,12851.5,224.08333333333334,2014.0,2.0,11.0,11.5,1.0,0.0
2014-02-12,12875.5,216.25,2014.0,2.0,12.0,11.5,2.0,0.0
2014-02-13,12899.5,212.91666666666666,2014.0,2.0,13.0,11.5,3.0,0.0
2014-02-14,12923.5,236.16666666666666,2014.0,2.0,14.0,11.5,4.0,0.0
2014-02-15,12947.5,134.91666666666666,2014.0,2.0,15.0,11.5,5.0,1.0
2014-02-16,12971.5,117.25,2014.0,2.0,16.0,11.5,6.0,1.0
2014-02-17,12995.5,239.58333333333334,2014.0,2.0,17.0,11.5,0.0,0.0
2014-02-18,13019.5,232.58333333333334,2014.0,2.0,18.0,11.5,1.0,0.0
2014-02-19,13043.5,229.66666666666666,2014.0,2.0,19.0,11.5,2.0,0.0
2014-02-20,13067.5,193.58333333333334,2014.0,2.0,20.0,11.5,3.0,0.0
2014-02-21,13091.5,171.16666666666666,2014.0,2.0,21.0,11.5,4.0,0.0
2014-02-22,13115.5,115.83333333333333,2014.0,2.0,22.0,11.5,5.0,1.0
2014-02-23,13139.5,114.25,2014.0,2.0,23.0,11.5,6.0,1.0
2014-02-24,13163.5,226.08333333333334,2014.0,2.0,24.0,11.5,0.0,0.0
2014-02-25,13187.5,218.83333333333334,2014.0,2.0,25.0,11.5,1.0,0.0
2014-02-26,13211.5,272.0833333333333,2014.0,2.0,26.0,11.5,2.0,0.0
2014-02-27,13235.5,231.33333333333334,2014.0,2.0,27.0,11.5,3.0,0.0
2014-02-28,13259.5,204.5,2014.0,2.0,28.0,11.5,4.0,0.0
2014-03-01,13283.5,122.58333333333333,2014.0,3.0,1.0,11.5,5.0,1.0
2014-03-02,13307.5,108.66666666666667,2014.0,3.0,2.0,11.5,6.0,1.0
2014-03-03,13331.5,228.0,2014.0,3.0,3.0,11.5,0.0,0.0
2014-03-04,13355.5,236.33333333333334,2014.0,3.0,4.0,11.5,1.0,0.0
2014-03-05,13379.5,263.9166666666667,2014.0,3.0,5.0,11.5,2.0,0.0
2014-03-06,13403.5,232.41666666666666,2014.0,3.0,6.0,11.5,3.0,0.0
2014-03-07,13427.5,212.91666666666666,2014.0,3.0,7.0,11.5,4.0,0.0
2014-03-08,13451.5,126.0,2014.0,3.0,8.0,11.5,5.0,1.0
2014-03-09,13475.5,122.0,2014.0,3.0,9.0,11.5,6.0,1.0
2014-03-10,13499.5,243.16666666666666,2014.0,3.0,10.0,11.5,0.0,0.0
2014-03-11,13523.5,227.75,2014.0,3.0,11.0,11.5,1.0,0.0
2014-03-12,13547.5,264.0,2014.0,3.0,12.0,11.5,2.0,0.0
2014-03-13,13571.5,239.08333333333334,2014.0,3.0,13.0,11.5,3.0,0.0
2014-03-14,13595.5,213.41666666666666,2014.0,3.0,14.0,11.5,4.0,0.0
2014-03-15,13619.5,121.75,2014.0,3.0,15.0,11.5,5.0,1.0
2014-03-16,13643.5,119.0,2014.0,3.0,16.0,11.5,6.0,1.0
2014-03-17,13667.5,209.66666666666666,2014.0,3.0,17.0,11.5,0.0,0.0
2014-03-18,13691.5,213.41666666666666,2014.0,3.0,18.0,11.5,1.0,0.0
2014-03-19,13715.5,192.5,2014.0,3.0,19.0,11.5,2.0,0.0
2014-03-20,13739.5,124.91666666666667,2014.0,3.0,20.0,11.5,3.0,0.0
2014-03-21,13763.5,149.0,2014.0,3.0,21.0,11.5,4.0,0.0
2014-03-22,13787.5,129.0,2014.0,3.0,22.0,11.5,5.0,1.0
2014-03-23,13811.5,119.41666666666667,2014.0,3.0,23.0,11.5,6.0,1.0
2014-03-24,13835.5,214.08333333333334,2014.0,3.0,24.0,11.5,0.0,0.0
2014-03-25,13859.5,236.16666666666666,2014.0,3.0,25.0,11.5,1.0,0.0
2014-03-26,13883.5,198.16666666666666,2014.0,3.0,26.0,11.5,2.0,0.0
2014-03-27,13907.5,120.08333333333333,2014.0,3.0,27.0,11.5,3.0,0.0
2014-03-28,13931.5,207.75,2014.0,3.0,28.0,11.5,4.0,0.0
2014-03-29,13955.5,145.25,2014.0,3.0,29.0,11.5,5.0,1.0
2014-03-30,13979.5,130.91666666666666,2014.0,3.0,30.0,11.5,6.0,1.0
2014-03-31,14003.5,232.5,2014.0,3.0,31.0,11.5,0.0,0.0
2014-04-01,14027.5,260.4166666666667,2014.0,4.0,1.0,11.5,1.0,0.0
2014-04-02,14051.5,242.16666666666666,2014.0,4.0,2.0,11.5,2.0,0.0
2014-04-03,14075.5,221.08333333333334,2014.0,4.0,3.0,11.5,3.0,0.0
2014-04-04,14099.5,224.5,2014.0,4.0,4.0,11.5,4.0,0.0
2014-04-05,14123.5,138.58333333333334,2014.0,4.0,5.0,11.5,5.0,1.0
2014-04-06,14147.5,136.66666666666666,2014.0,4.0,6.0,11.5,6.0,1.0
2014-04-07,14171.5,292.8333333333333,2014.0,4.0,7.0,11.5,0.0,0.0
2014-04-08,14195.5,231.08333333333334,2014.0,4.0,8.0,11.5,1.0,0.0
2014-04-09,14219.5,252.41666666666666,2014.0,4.0,9.0,11.5,2.0,0.0
2014-04-10,14243.5,432.6666666666667,2014.0,4.0,10.0,11.5,3.0,0.0
2014-04-11,14267.5,328.0833333333333,2014.0,4.0,11.0,11.5,4.0,0.0
2014-04-12,14291.5,193.16666666666666,2014.0,4.0,12.0,11.5,5.0,1.0
2014-04-13,14315.5,148.66666666666666,2014.0,4.0,13.0,11.5,6.0,1.0
2014-04-14,14339.5,290.1666666666667,2014.0,4.0,14.0,11.5,0.0,0.0
2014-04-15,14363.5,263.75,2014.0,4.0,15.0,11.5,1.0,0.0
2014-04-16,14387.5,258.4166666666667,2014.0,4.0,16.0,11.5,2.0,0.0
2014-04-17,14411.5,257.5833333333333,2014.0,4.0,17.0,11.5,3.0,0.0
2014-04-18,14435.5,247.0,2014.0,4.0,18.0,11.5,4.0,0.0
2014-04-19,14459.5,158.25,2014.0,4.0,19.0,11.5,5.0,1.0
2014-04-20,14483.5,140.58333333333334,2014.0,4.0,20.0,11.5,6.0,1.0
2014-04-21,14507.5,223.33333333333334,2014.0,4.0,21.0,11.5,0.0,0.0
2014-04-22,14531.5,262.9166666666667,2014.0,4.0,22.0,11.5,1.0,0.0
2014-04-23,14555.5,280.75,2014.0,4.0,23.0,11.5,2.0,0.0
2014-04-24,14579.5,284.1666666666667,2014.0,4.0,24.0,11.5,3.0,0.0
2014-04-25,14603.5,243.83333333333334,2014.0,4.0,25.0,11.5,4.0,0.0
2014-04-26,14627.5,196.75,2014.0,4.0,26.0,11.5,5.0,1.0
2014-04-27,14651.5,192.5,2014.0,4.0,27.0,11.5,6.0,1.0
2014-04-28,14675.5,265.4166666666667,2014.0,4.0,28.0,11.5,0.0,0.0
2014-04-29,14699.5,277.0833333333333,2014.0,4.0,29.0,11.5,1.0,0.0
2014-04-30,14723.5,283.8333333333333,2014.0,4.0,30.0,11.5,2.0,0.0
2014-05-01,14747.5,267.9166666666667,2014.0,5.0,1.0,11.5,3.0,0.0
2014-05-02,14771.5,238.66666666666666,2014.0,5.0,2.0,11.5,4.0,0.0
2014-05-03,14795.5,186.91666666666666,2014.0,5.0,3.0,11.5,5.0,1.0
2014-05-04,14819.5,146.0,2014.0,5.0,4.0,11.5,6.0,1.0
2014-05-05,14843.5,251.75,2014.0,5.0,5.0,11.5,0.0,0.0
2014-05-06,14867.5,243.25,2014.0,5.0,6.0,11.5,1.0,0.0
2014-05-07,14891.5,245.66666666666666,2014.0,5.0,7.0,11.5,2.0,0.0
2014-05-08,14915.5,266.1666666666667,2014.0,5.0,8.0,11.5,3.0,0.0
2014-05-09,14939.5,289.3333333333333,2014.0,5.0,9.0,11.5,4.0,0.0
2014-05-10,14963.5,165.25,2014.0,5.0,10.0,11.5,5.0,1.0
2014-05-11,14987.5,131.41666666666666,2014.0,5.0,11.0,11.5,6.0,1.0
2014-05-12,15011.5,284.4166666666667,2014.0,5.0,12.0,11.5,0.0,0.0
2014-05-13,15035.5,278.5833333333333,2014.0,5.0,13.0,11.5,1.0,0.0
2014-05-14,15059.5,266.25,2014.0,5.0,14.0,11.5,2.0,0.0
2014-05-15,15083.5,253.66666666666666,2014.0,5.0,15.0,11.5,3.0,0.0
2014-05-16,15107.5,282.0,2014.0,5.0,16.0,11.5,4.0,0.0
2014-05-17,15131.5,182.08333333333334,2014.0,5.0,17.0,11.5,5.0,1.0
2014-05-18,15155.5,150.91666666666666,2014.0,5.0,18.0,11.5,6.0,1.0
2014-05-19,15179.5,284.25,2014.0,5.0,19.0,11.5,0.0,0.0
2014-05-20,15203.5,337.5833333333333,2014.0,5.0,20.0,11.5,1.0,0.0
2014-05-21,15227.5,402.9166666666667,2014.0,5.0,21.0,11.5,2.0,0.0
2014-05-22,15251.5,372.3333333333333,2014.0,5.0,22.0,11.5,3.0,0.0
2014-05-23,15275.5,297.1666666666667,2014.0,5.0,23.0,11.5,4.0,0.0
2014-05-24,15299.5,236.16666666666666,2014.0,5.0,24.0,11.5,5.0,1.0
2014-05-25,15323.5,218.91666666666666,2014.0,5.0,25.0,11.5,6.0,1.0
2014-05-26,15347.5,339.4166666666667,2014.0,5.0,26.0,11.5,0.0,0.0
2014-05-27,15371.5,333.5833333333333,2014.0,5.0,27.0,11.5,1.0,0.0
2014-05-28,15395.5,433.75,2014.0,5.0,28.0,11.5,2.0,0.0
2014-05-29,15419.5,341.75,2014.0,5.0,29.0,11.5,3.0,0.0
2014-05-30,15443.5,280.0,2014.0,5.0,30.0,11.5,4.0,0.0
2014-05-31,15467.5,191.33333333333334,2014.0,5.0,31.0,11.5,5.0,1.0
2014-06-01,15491.5,222.0,2014.0,6.0,1.0,11.5,6.0,1.0
2014-06-02,15515.5,349.1666666666667,2014.0,6.0,2.0,11.5,0.0,0.0
2014-06-03,15539.5,381.75,2014.0,6.0,3.0,11.5,1.0,0.0
2014-06-04,15563.5,371.9166666666667,2014.0,6.0,4.0,11.5,2.0,0.0
2014-06-05,15587.5,495.25,2014.0,6.0,5.0,11.5,3.0,0.0
2014-06-06,15611.5,405.4166666666667,2014.0,6.0,6.0,11.5,4.0,0.0
2014-06-07,15635.5,244.0,2014.0,6.0,7.0,11.5,5.0,1.0
2014-06-08,15659.5,233.5,2014.0,6.0,8.0,11.5,6.0,1.0
2014-06-09,15683.5,371.75,2014.0,6.0,9.0,11.5,0.0,0.0
2014-06-10,15707.5,366.3333333333333,2014.0,6.0,10.0,11.5,1.0,0.0
2014-06-11,15731.5,373.4166666666667,2014.0,6.0,11.0,11.5,2.0,0.0
2014-06-12,15755.5,314.1666666666667,2014.0,6.0,12.0,11.5,3.0,0.0
2014-06-13,15779.5,289.5833333333333,2014.0,6.0,13.0,11.5,4.0,0.0
2014-06-14,15803.5,174.58333333333334,2014.0,6.0,14.0,11.5,5.0,1.0
2014-06-15,15827.5,184.66666666666666,2014.0,6.0,15.0,11.5,6.0,1.0
2014-06-16,15851.5,357.0833333333333,2014.0,6.0,16.0,11.5,0.0,0.0
2014-06-17,15875.5,336.9166666666667,2014.0,6.0,17.0,11.5,1.0,0.0
2014-06-18,15899.5,345.8333333333333,2014.0,6.0,18.0,11.5,2.0,0.0
2014-06-19,15923.5,283.4166666666667,2014.0,6.0,19.0,11.5,3.0,0.0
2014-06-20,15947.5,379.9166666666667,2014.0,6.0,20.0,11.5,4.0,0.0
2014-06-21,15971.5,220.08333333333334,2014.0,6.0,21.0,11.5,5.0,1.0
2014-06-22,15995.5,230.83333333333334,2014.0,6.0,22.0,11.5,6.0,1.0
2014-06-23,16019.5,419.4166666666667,2014.0,6.0,23.0,11.5,0.0,0.0
2014-06-24,16043.5,372.1666666666667,2014.0,6.0,24.0,11.5,1.0,0.0
2014-06-25,16067.5,353.6666666666667,2014.0,6.0,25.0,11.5,2.0,0.0
2014-06-26,16091.5,395.25,2014.0,6.0,26.0,11.5,3.0,0.0
2014-06-27,16115.5,282.3333333333333,2014.0,6.0,27.0,11.5,4.0,0.0
2014-06-28,16139.5,218.25,2014.0,6.0,28.0,11.5,5.0,1.0
2014-06-29,16163.5,196.25,2014.0,6.0,29.0,11.5,6.0,1.0
2014-06-30,16187.5,314.5,2014.0,6.0,30.0,11.5,0.0,0.0
2014-07-01,16211.5,326.5,2014.0,7.0,1.0,11.5,1.0,0.0
2014-07-02,16235.5,326.0833333333333,2014.0,7.0,2.0,11.5,2.0,0.0
2014-07-03,16259.5,323.9166666666667,2014.0,7.0,3.0,11.5,3.0,0.0
2014-07-04,16283.5,393.4166666666667,2014.0,7.0,4.0,11.5,4.0,0.0
2014-07-05,16307.5,260.4166666666667,2014.0,7.0,5.0,11.5,5.0,1.0
2014-07-06,16331.5,280.5,2014.0,7.0,6.0,11.5,6.0,1.0
2014-07-07,16355.5,400.0,2014.0,7.0,7.0,11.5,0.0,0.0
2014-07-08,16379.5,342.25,2014.0,7.0,8.0,11.5,1.0,0.0
2014-07-09,16403.5,405.5,2014.0,7.0,9.0,11.5,2.0,0.0
2014-07-10,16427.5,413.4166666666667,2014.0,7.0,10.0,11.5,3.0,0.0
2014-07-11,16451.5,381.1666666666667,2014.0,7.0,11.0,11.5,4.0,0.0
2014-07-12,16475.5,244.08333333333334,2014.0,7.0,12.0,11.5,5.0,1.0
2014-07-13,16499.5,205.08333333333334,2014.0,7.0,13.0,11.5,6.0,1.0
2014-07-14,16523.5,355.4166666666667,2014.0,7.0,14.0,11.5,0.0,0.0
2014-07-15,16547.5,345.9166666666667,2014.0,7.0,15.0,11.5,1.0,0.0
2014-07-16,16571.5,331.5,2014.0,7.0,16.0,11.5,2.0,0.0
2014-07-17,16595.5,322.25,2014.0,7.0,17.0,11.5,3.0,0.0
2014-07-18,16619.5,352.75,2014.0,7.0,18.0,11.5,4.0,0.0
2014-07-19,16643.5,330.5833333333333,2014.0,7.0,19.0,11.5,5.0,1.0
2014-07-20,16667.5,341.0,2014.0,7.0,20.0,11.5,6.0,1.0
2014-07-21,16691.5,497.75,2014.0,7.0,21.0,11.5,0.0,0.0
2014-07-22,16715.5,458.8333333333333,2014.0,7.0,22.0,11.5,1.0,0.0
2014-07-23,16739.5,422.0833333333333,2014.0,7.0,23.0,11.5,2.0,0.0
2014-07-24,16763.5,339.8333333333333,2014.0,7.0,24.0,11.5,3.0,0.0
2014-07-25,16787.5,299.6666666666667,2014.0,7.0,25.0,11.5,4.0,0.0
2014-07-26,16811.5,273.4166666666667,2014.0,7.0,26.0,11.5,5.0,1.0
2014-07-27,16835.5,253.91666666666666,2014.0,7.0,27.0,11.5,6.0,1.0
2014-07-28,16859.5,356.0833333333333,2014.0,7.0,28.0,11.5,0.0,0.0
2014-07-29,16883.5,342.4166666666667,2014.0,7.0,29.0,11.5,1.0,0.0
2014-07-30,16907.5,354.0833333333333,2014.0,7.0,30.0,11.5,2.0,0.0
2014-07-31,16931.5,364.1666666666667,2014.0,7.0,31.0,11.5,3.0,0.0
2014-08-01,16955.5,382.75,2014.0,8.0,1.0,11.5,4.0,0.0
2014-08-02,16979.5,261.5833333333333,2014.0,8.0,2.0,11.5,5.0,1.0
2014-08-03,17003.5,222.5,2014.0,8.0,3.0,11.5,6.0,1.0
2014-08-04,17027.5,369.6666666666667,2014.0,8.0,4.0,11.5,0.0,0.0
2014-08-05,17051.5,321.8333333333333,2014.0,8.0,5.0,11.5,1.0,0.0
2014-08-06,17075.5,382.0833333333333,2014.0,8.0,6.0,11.5,2.0,0.0
2014-08-07,17099.5,334.8333333333333,2014.0,8.0,7.0,11.5,3.0,0.0
2014-08-08,17123.5,350.25,2014.0,8.0,8.0,11.5,4.0,0.0
2014-08-09,17147.5,227.58333333333334,2014.0,8.0,9.0,11.5,5.0,1.0
2014-08-10,17171.5,242.58333333333334,2014.0,8.0,10.0,11.5,6.0,1.0
2014-08-11,17195.5,538.6666666666666,2014.0,8.0,11.0,11.5,0.0,0.0
2014-08-12,17219.5,615.0833333333334,2014.0,8.0,12.0,11.5,1.0,0.0
2014-08-13,17243.5,619.9166666666666,2014.0,8.0,13.0,11.5,2.0,0.0
2014-08-14,17267.5,403.0,2014.0,8.0,14.0,11.5,3.0,0.0
2014-08-15,17291.5,351.3333333333333,2014.0,8.0,15.0,11.5,4.0,0.0
2014-08-16,17315.5,317.6666666666667,2014.0,8.0,16.0,11.5,5.0,1.0
2014-08-17,17339.5,281.25,2014.0,8.0,17.0,11.5,6.0,1.0
2014-08-18,17363.5,413.0,2014.0,8.0,18.0,11.5,0.0,0.0
2014-08-19,17387.5,546.0,2014.0,8.0,19.0,11.5,1.0,0.0
2014-08-20,17411.5,500.9166666666667,2014.0,8.0,20.0,11.5,2.0,0.0
2014-08-21,17435.5,456.3333333333333,2014.0,8.0,21.0,11.5,3.0,0.0
2014-08-22,17459.5,414.3333333333333,2014.0,8.0,22.0,11.5,4.0,0.0
2014-08-23,17483.5,303.4166666666667,2014.0,8.0,23.0,11.5,5.0,1.0
2014-08-24,17507.5,306.6666666666667,2014.0,8.0,24.0,11.5,6.0,1.0
2014-08-25,17531.5,448.5,2014.0,8.0,25.0,11.5,0.0,0.0
2014-08-26,17555.5,521.25,2014.0,8.0,26.0,11.5,1.0,0.0
2014-08-27,17579.5,520.6666666666666,2014.0,8.0,27.0,11.5,2.0,0.0
2014-08-28,17603.5,379.25,2014.0,8.0,28.0,11.5,3.0,0.0
2014-08-29,17627.5,413.75,2014.0,8.0,29.0,11.5,4.0,0.0
2014-08-30,17651.5,352.5833333333333,2014.0,8.0,30.0,11.5,5.0,1.0
2014-08-31,17675.5,290.1666666666667,2014.0,8.0,31.0,11.5,6.0,1.0
2014-09-01,17699.5,436.0,2014.0,9.0,1.0,11.5,0.0,0.0
2014-09-02,17723.5,573.5,2014.0,9.0,2.0,11.5,1.0,0.0
2014-09-03,17747.5,509.0,2014.0,9.0,3.0,11.5,2.0,0.0
2014-09-04,17771.5,446.0,2014.0,9.0,4.0,11.5,3.0,0.0
2014-09-05,17795.5,532.5,2014.0,9.0,5.0,11.5,4.0,0.0
2014-09-06,17819.5,339.8333333333333,2014.0,9.0,6.0,11.5,5.0,1.0
2014-09-07,17843.5,286.5,2014.0,9.0,7.0,11.5,6.0,1.0
2014-09-08,17867.5,426.0,2014.0,9.0,8.0,11.5,0.0,0.0
2014-09-09,17891.5,546.0,2014.0,9.0,9.0,11.5,1.0,0.0
2014-09-10,17915.5,483.0,2014.0,9.0,10.0,11.5,2.0,0.0
2014-09-11,17939.5,424.1666666666667,2014.0,9.0,11.0,11.5,3.0,0.0
2014-09-12,17963.5,375.4166666666667,2014.0,9.0,12.0,11.5,4.0,0.0
2014-09-13,17987.5,253.33333333333334,2014.0,9.0,13.0,11.5,5.0,1.0
2014-09-14,18011.5,238.16666666666666,2014.0,9.0,14.0,11.5,6.0,1.0
2014-09-15,18035.5,445.3333333333333,2014.0,9.0,15.0,11.5,0.0,0.0
2014-09-16,18059.5,670.0,2014.0,9.0,16.0,11.5,1.0,0.0
2014-09-17,18083.5,569.8333333333334,2014.0,9.0,17.0,11.5,2.0,0.0
2014-09-18,18107.5,458.3333333333333,2014.0,9.0,18.0,11.5,3.0,0.0
2014-09-19,18131.5,543.0833333333334,2014.0,9.0,19.0,11.5,4.0,0.0
2014-09-20,18155.5,341.0833333333333,2014.0,9.0,20.0,11.5,5.0,1.0
2014-09-21,18179.5,379.25,2014.0,9.0,21.0,11.5,6.0,1.0
2014-09-22,18203.5,588.1666666666666,2014.0,9.0,22.0,11.5,0.0,0.0
2014-09-23,18227.5,554.3333333333334,2014.0,9.0,23.0,11.5,1.0,0.0
2014-09-24,18251.5,702.3333333333334,2014.0,9.0,24.0,11.5,2.0,0.0
2014-09-25,18275.5,589.6666666666666,2014.0,9.0,25.0,11.5,3.0,0.0
